{
    "camera_matrix": [
        [
            2461.2846984177218,
            0.0,
            3180.696614266011
        ],
        [
            0.0,
            2463.3499688447823,
            898.4501390271876
        ],
        [
            0.0,
            0.0,
            1.0
        ]
    ],
    "distortion_coeffs": [
        [
            0.006520818331265037,
            -0.00469513957271071,
            -0.0006884057069060192,
            -0.0012124638393441899,
            0.0017181148710383501
        ]
    ],
    "new_camera_matrix": [
        [
            2475.2591519337557,
            0.0,
            3166.3454009303555
        ],
        [
            0.0,
            2466.563870108349,
            898.3903624483622
        ],
        [
            0.0,
            0.0,
            1.0
        ]
    ],
    "perspective_transformation": [
        [
            -0.025788688798268882,
            -1.0037045814122088,
            4137.404754981605
        ],
        [
            1.0019786066474115,
            -0.03820614221257528,
            1434.634815399604
        ],
        [
            1.5445444111404936e-06,
            -1.6499277226846451e-06,
            1.0
        ]
    ],
    "ppmm": 11.654750859765088
}