{
    "camera_matrix": [
        [
            5707.7233096602895,
            0.0,
            1929.6835667586447
        ],
        [
            0.0,
            5691.473452575924,
            2006.7234330381473
        ],
        [
            0.0,
            0.0,
            1.0
        ]
    ],
    "distortion_coeffs": [
        [
            -0.02459049739251104,
            0.2529569313782501,
            0.0013392051754593781,
            -0.005707923878762259,
            -0.6006799156423221
        ]
    ],
    "new_camera_matrix": [
        [
            5503.65382879859,
            0.0,
            1850.9079251648452
        ],
        [
            0.0,
            5448.159813948051,
            2030.2317354002444
        ],
        [
            0.0,
            0.0,
            1.0
        ]
    ],
    "perspective_transformation": [
        [
            -0.012920427656500328,
            -1.0058698856525385,
            3903.8478365253936
        ],
        [
            0.9979113549579135,
            -0.022303209546618505,
            950.232535708193
        ],
        [
            2.067385851837567e-06,
            -1.9787127186105477e-06,
            1.0
        ]
    ],
    "ppmm": 11.656380890724625
}