{
    "camera_matrix": [
        [
            25703.29429692621,
            0.0,
            4005.8929355960295
        ],
        [
            0.0,
            25706.602832640903,
            1564.513653834213
        ],
        [
            0.0,
            0.0,
            1.0
        ]
    ],
    "distortion_coeffs": [
        [
            1.042027974485417,
            -55.13132632937958,
            0.01833874028260993,
            0.02733159695290414,
            1494.9329845423974
        ]
    ],
    "new_camera_matrix": [
        [
            25770.170244490768,
            0.0,
            4012.223381716441
        ],
        [
            0.0,
            25778.197649592126,
            1575.7843456211456
        ],
        [
            0.0,
            0.0,
            1.0
        ]
    ],
    "perspective_transformation": [
        [
            0.021435584353415575,
            0.9776945183106011,
            2563.9182453471894
        ],
        [
            -0.9882350734148203,
            0.022337381209897884,
            3623.5487497682498
        ],
        [
            3.926172079056513e-08,
            -3.24694786842455e-06,
            1.0
        ]
    ],
    "ppmm": 19.440486476107033
}